{"cameraMode":{"drawMode":0,"name":"Shaded","section":"Shading Mode"},"sceneLighting":true,"audioPlay":false,"sceneViewState":{"showFog":true,"showMaterialUpdate":true,"showSkybox":true,"showFlares":true,"showImageEffects":true,"showParticleSystems":true},"in2DMode":false,"pivot":{"x":-26.398101806640626,"y":16.32487678527832,"z":-28.454214096069337},"rotation":{"x":0.050789106637239459,"y":0.39728543162345889,"z":-0.02234772779047489,"w":0.9161286950111389},"size":0.5660253763198853,"orthographic":false}