{"cameraMode":{"drawMode":0,"name":"Shaded","section":"Shading Mode"},"sceneLighting":true,"audioPlay":false,"sceneViewState":{"showFog":true,"showMaterialUpdate":true,"showSkybox":true,"showFlares":true,"showImageEffects":true,"showParticleSystems":true},"in2DMode":false,"pivot":{"x":18.736736297607423,"y":3.7908718585968019,"z":-3.958458423614502},"rotation":{"x":0.24366866052150727,"y":-0.7412718534469605,"z":0.34718644618988039,"w":0.5202978253364563},"size":1.8406496047973633,"orthographic":false}