{"cameraMode":{"drawMode":0,"name":"Shaded","section":"Shading Mode"},"sceneLighting":true,"audioPlay":false,"sceneViewState":{"showFog":true,"showMaterialUpdate":true,"showSkybox":true,"showFlares":true,"showImageEffects":true,"showParticleSystems":true},"in2DMode":false,"pivot":{"x":25.055152893066408,"y":41.08932876586914,"z":30.142547607421876},"rotation":{"x":-0.0452711246907711,"y":0.9234663844108582,"z":-0.11408427357673645,"w":-0.3643410801887512},"size":1.0844975709915162,"orthographic":false}