{"cameraMode":{"drawMode":0,"name":"Shaded","section":"Shading Mode"},"sceneLighting":true,"audioPlay":false,"sceneViewState":{"showFog":true,"showMaterialUpdate":true,"showSkybox":true,"showFlares":true,"showImageEffects":true,"showParticleSystems":true},"in2DMode":false,"pivot":{"x":-42.798744201660159,"y":12.73891830444336,"z":-11.561386108398438},"rotation":{"x":0.007993414998054505,"y":-0.7300788164138794,"z":-0.0007167773437686265,"w":-0.6840495467185974},"size":0.9403557181358337,"orthographic":false}