{"cameraMode":{"drawMode":0,"name":"Shaded","section":"Shading Mode"},"sceneLighting":true,"audioPlay":false,"sceneViewState":{"showFog":true,"showMaterialUpdate":true,"showSkybox":true,"showFlares":true,"showImageEffects":true,"showParticleSystems":true},"in2DMode":false,"pivot":{"x":87.83171081542969,"y":30.523542404174806,"z":-17.85017967224121},"rotation":{"x":0.4259921908378601,"y":-0.5022726655006409,"z":0.30406150221824648,"w":0.6890011429786682},"size":0.8660253882408142,"orthographic":false}