{"cameraMode":{"drawMode":0,"name":"Shaded","section":"Shading Mode"},"sceneLighting":true,"audioPlay":false,"sceneViewState":{"showFog":true,"showMaterialUpdate":true,"showSkybox":true,"showFlares":true,"showImageEffects":true,"showParticleSystems":true},"in2DMode":false,"pivot":{"x":325.4976806640625,"y":547.2816162109375,"z":216.0955810546875},"rotation":{"x":0.08541348576545716,"y":-0.0000424942045356147,"z":0.0018732405733317137,"w":-0.9966983795166016},"size":1101.45361328125,"orthographic":false}