{"cameraMode":{"drawMode":0,"name":"Shaded","section":"Shading Mode"},"sceneLighting":true,"audioPlay":false,"sceneViewState":{"showFog":true,"showMaterialUpdate":true,"showSkybox":true,"showFlares":true,"showImageEffects":true,"showParticleSystems":true},"in2DMode":false,"pivot":{"x":12.987549781799317,"y":4.405766010284424,"z":46.180999755859378},"rotation":{"x":0.016866808757185937,"y":-0.5104286074638367,"z":0.003948885481804609,"w":0.8603206276893616},"size":0.9403557181358337,"orthographic":false}