{"cameraMode":{"drawMode":0,"name":"Shaded","section":"Shading Mode"},"sceneLighting":true,"audioPlay":false,"sceneViewState":{"showFog":true,"showMaterialUpdate":true,"showSkybox":true,"showFlares":true,"showImageEffects":true,"showParticleSystems":true},"in2DMode":false,"pivot":{"x":89.42369079589844,"y":245.35606384277345,"z":151.0751495361328},"rotation":{"x":-0.07026759535074234,"y":0.8733632564544678,"z":-0.46456193923950198,"w":-0.12992540001869203},"size":3.817301034927368,"orthographic":false}