{"cameraMode":{"drawMode":0,"name":"Shaded","section":"Shading Mode"},"sceneLighting":true,"audioPlay":false,"sceneViewState":{"showFog":true,"showMaterialUpdate":true,"showSkybox":true,"showFlares":true,"showImageEffects":true,"showParticleSystems":true},"in2DMode":false,"pivot":{"x":-5.642433166503906,"y":9.018513679504395,"z":-43.76213073730469},"rotation":{"x":0.08217756450176239,"y":0.07136683911085129,"z":-0.006425750907510519,"w":0.994175136089325},"size":3.807765483856201,"orthographic":false}