{"cameraMode":{"drawMode":0,"name":"Shaded","section":"Shading Mode"},"sceneLighting":true,"audioPlay":false,"sceneViewState":{"showFog":true,"showMaterialUpdate":true,"showSkybox":true,"showFlares":true,"showImageEffects":true,"showParticleSystems":true},"in2DMode":false,"pivot":{"x":-45.1336784362793,"y":8.152482032775879,"z":68.0672836303711},"rotation":{"x":-0.015144837088882923,"y":-0.9818609356880188,"z":0.12786319851875306,"w":-0.1423499882221222},"size":1.124589204788208,"orthographic":false}