{"cameraMode":{"drawMode":0,"name":"Shaded","section":"Shading Mode"},"sceneLighting":true,"audioPlay":false,"sceneViewState":{"showFog":true,"showMaterialUpdate":true,"showSkybox":true,"showFlares":true,"showImageEffects":true,"showParticleSystems":true},"in2DMode":false,"pivot":{"x":12.038313865661621,"y":-4.495298385620117,"z":34.1431884765625},"rotation":{"x":-0.05445149913430214,"y":0.9034911394119263,"z":-0.11660260707139969,"w":-0.40939879417419436},"size":10.0,"orthographic":false}