{"cameraMode":{"drawMode":0,"name":"Shaded","section":"Shading Mode"},"sceneLighting":true,"audioPlay":false,"sceneViewState":{"showFog":true,"showMaterialUpdate":true,"showSkybox":true,"showFlares":true,"showImageEffects":true,"showParticleSystems":true},"in2DMode":false,"pivot":{"x":16.040067672729493,"y":8.084251403808594,"z":-3.5693130493164064},"rotation":{"x":-0.12112163007259369,"y":0.6274210214614868,"z":-0.09278274327516556,"w":-0.764240026473999},"size":0.9403557181358337,"orthographic":false}