{"cameraMode":{"drawMode":0,"name":"Shaded","section":"Shading Mode"},"sceneLighting":true,"audioPlay":false,"sceneViewState":{"showFog":true,"showMaterialUpdate":true,"showSkybox":true,"showFlares":true,"showImageEffects":true,"showParticleSystems":true},"in2DMode":false,"pivot":{"x":22.257253646850587,"y":9.84712028503418,"z":-1.1362624168395997},"rotation":{"x":-0.0004831667465623468,"y":-0.9431321620941162,"z":-0.0014091620687395335,"w":0.33255091309547427},"size":2.6593501567840578,"orthographic":false}