{"cameraMode":{"drawMode":0,"name":"Shaded","section":"Shading Mode"},"sceneLighting":true,"audioPlay":false,"sceneViewState":{"showFog":true,"showMaterialUpdate":true,"showSkybox":true,"showFlares":true,"showImageEffects":true,"showParticleSystems":true},"in2DMode":false,"pivot":{"x":-53.580989837646487,"y":33.98815155029297,"z":31.690401077270509},"rotation":{"x":0.1830044835805893,"y":0.7975777983665466,"z":-0.29785796999931338,"w":0.49222567677497866},"size":0.3224286437034607,"orthographic":false}