{"cameraMode":{"drawMode":0,"name":"Shaded","section":"Shading Mode"},"sceneLighting":true,"audioPlay":false,"sceneViewState":{"showFog":true,"showMaterialUpdate":true,"showSkybox":true,"showFlares":true,"showImageEffects":true,"showParticleSystems":true},"in2DMode":false,"pivot":{"x":-26.952146530151368,"y":10.803114891052246,"z":4.16497802734375},"rotation":{"x":0.03401346877217293,"y":0.12420663982629776,"z":0.0059801735915243629,"w":-0.9920098781585693},"size":0.8660253882408142,"orthographic":false}