{"cameraMode":{"drawMode":0,"name":"Shaded","section":"Shading Mode"},"sceneLighting":true,"audioPlay":false,"sceneViewState":{"showFog":true,"showMaterialUpdate":true,"showSkybox":true,"showFlares":true,"showImageEffects":true,"showParticleSystems":true},"in2DMode":false,"pivot":{"x":-32.25490951538086,"y":16.80106544494629,"z":-3.836089611053467},"rotation":{"x":0.2103956788778305,"y":0.5777822136878967,"z":-0.15730413794517518,"w":0.7727987766265869},"size":1.1926050186157227,"orthographic":false}