{"cameraMode":{"drawMode":0,"name":"Shaded","section":"Shading Mode"},"sceneLighting":true,"audioPlay":false,"sceneViewState":{"showFog":true,"showMaterialUpdate":true,"showSkybox":true,"showFlares":true,"showImageEffects":true,"showParticleSystems":true},"in2DMode":false,"pivot":{"x":7.233417987823486,"y":15.900259971618653,"z":-14.78817081451416},"rotation":{"x":0.000801699934527278,"y":-0.34974193572998049,"z":-0.00210499856621027,"w":0.937279462814331},"size":1.124589204788208,"orthographic":false}